,old,new
1,/files/case-related/150/18852.pdf,/files/case-related/150/150-20151216-JUD-01-02-EN.pdf
2,/files/case-related/152/18850.pdf,/files/case-related/152/152-20151216-JUD-01-01-EN.pdf
3,/files/case-related/152/18852.pdf,/files/case-related/152/152-20151216-JUD-01-02-EN.pdf
4,/files/case-related/152/18854.pdf,/files/case-related/152/152-20151216-JUD-01-03-EN.pdf
5,/files/case-related/152/18856.pdf,/files/case-related/152/152-20151216-JUD-01-04-EN.pdf
6,/files/case-related/152/18858.pdf,/files/case-related/152/152-20151216-JUD-01-05-EN.pdf
7,/files/case-related/152/18860.pdf,/files/case-related/152/152-20151216-JUD-01-06-EN.pdf
8,/files/case-related/152/18862.pdf,/files/case-related/152/152-20151216-JUD-01-07-EN.pdf
9,/files/case-related/152/18864.pdf,/files/case-related/152/152-20151216-JUD-01-08-EN.pdf
10,/files/case-related/152/18867.pdf,/files/case-related/152/152-20151216-JUD-01-09-FR.pdf
11,/files/case-related/152/18868.pdf,/files/case-related/152/152-20151216-JUD-01-10-EN.pdf
12,/files/case-related/153/18748.pdf,/files/case-related/153/153-20150924-JUD-01-01-EN.pdf
13,/files/case-related/153/18749.pdf,/files/case-related/153/153-20150924-JUD-01-01-FR.pdf
14,/files/case-related/153/18750.pdf,/files/case-related/153/153-20150924-JUD-01-02-EN.pdf
15,/files/case-related/153/18751.pdf,/files/case-related/153/153-20150924-JUD-01-02-FR.pdf
16,/files/case-related/153/18752.pdf,/files/case-related/153/153-20150924-JUD-01-03-EN.pdf
17,/files/case-related/153/18753.pdf,/files/case-related/153/153-20150924-JUD-01-03-FR.pdf
18,/files/case-related/153/18754.pdf,/files/case-related/153/153-20150924-JUD-01-04-EN.pdf
19,/files/case-related/153/18755.pdf,/files/case-related/153/153-20150924-JUD-01-04-FR.pdf
20,/files/case-related/156/18638.pdf,/files/case-related/156/156-20150422-ORD-01-01-EN.pdf
21,/files/case-related/156/18640.pdf,/files/case-related/156/156-20150422-ORD-01-02-EN.pdf
